ts,block,forecast_load_mw,actual_load_mw,time_block,mcp_rs_mwh,bess_action,bess_mw,peak_flag
2026-06-01 00:00:00,0,5236.223559233209,5560.263333333333,00:15 - 00:30,10000.0,idle,0.0,False
2026-06-01 00:15:00,1,5147.379740844196,5504.893333333333,00:30 - 00:45,10000.0,idle,0.0,False
2026-06-01 00:30:00,2,5108.494447263261,5438.06,00:45 - 01:00,10000.0,idle,0.0,False
2026-06-01 00:45:00,3,5006.869750465175,5359.47,01:00 - 01:15,10000.0,idle,0.0,False
2026-06-01 01:00:00,4,4969.224089773648,5271.373333333333,01:15 - 01:30,10000.0,idle,0.0,False
2026-06-01 01:15:00,5,4888.409566056314,5190.45,01:30 - 01:45,10000.0,idle,0.0,False
2026-06-01 01:30:00,6,4855.02834273306,5112.5233333333335,01:45 - 02:00,6999.11,idle,0.0,False
2026-06-01 01:45:00,7,4734.375084718218,5038.583333333333,02:00 - 02:15,4579.48,idle,0.0,False
2026-06-01 02:00:00,8,4628.882288438715,4963.446666666667,02:15 - 02:30,4576.21,idle,0.0,False
2026-06-01 02:15:00,9,4603.423969707531,4884.053333333333,02:30 - 02:45,4520.06,idle,0.0,False
2026-06-01 02:30:00,10,4514.361228529773,4813.36,02:45 - 03:00,4500.74,idle,0.0,False
2026-06-01 02:45:00,11,4423.89789707931,4749.996666666667,03:00 - 03:15,4579.41,idle,0.0,False
2026-06-01 03:00:00,12,4214.051832422552,4675.92,03:15 - 03:30,4576.93,idle,0.0,False
2026-06-01 03:15:00,13,4146.315156302247,4616.3533333333335,03:30 - 03:45,4576.0,idle,0.0,False
2026-06-01 03:30:00,14,4091.0586405169347,4571.156666666667,03:45 - 04:00,4509.92,idle,0.0,False
2026-06-01 03:45:00,15,4135.307597454254,4513.48,04:00 - 04:15,4520.29,idle,0.0,False
2026-06-01 04:00:00,16,4115.195701739666,4452.4766666666665,04:15 - 04:30,4500.68,idle,0.0,False
2026-06-01 04:15:00,17,4107.52696377635,4402.28,04:30 - 04:45,4500.54,idle,0.0,False
2026-06-01 04:30:00,18,4066.393203521989,4348.87,04:45 - 05:00,4520.98,idle,0.0,False
2026-06-01 04:45:00,19,4050.5707158615223,4312.086666666667,05:00 - 05:15,4872.61,idle,0.0,False
2026-06-01 05:00:00,20,4060.036158485801,4276.11,05:15 - 05:30,5250.83,idle,0.0,False
2026-06-01 05:15:00,21,4053.0304575772197,4233.8966666666665,05:30 - 05:45,6437.87,idle,0.0,False
2026-06-01 05:30:00,22,4045.839995041939,4168.576666666667,05:45 - 06:00,6999.32,idle,0.0,False
2026-06-01 05:45:00,23,4047.3869461660775,4102.973333333333,06:00 - 06:15,4999.69,idle,0.0,False
2026-06-01 06:00:00,24,4011.4278440266567,4086.986666666666,06:15 - 06:30,4999.66,idle,0.0,False
2026-06-01 06:15:00,25,4042.974363961945,4116.05,06:30 - 06:45,4999.09,idle,0.0,False
2026-06-01 06:30:00,26,4008.1634115156744,4126.316666666667,06:45 - 07:00,4520.47,idle,0.0,False
2026-06-01 06:45:00,27,3945.5651402474077,4161.483333333333,07:00 - 07:15,3706.54,idle,0.0,False
2026-06-01 07:00:00,28,4016.3889098186137,4155.45,07:15 - 07:30,3269.52,idle,0.0,False
2026-06-01 07:15:00,29,4070.4968830302987,4196.833333333333,07:30 - 07:45,2700.08,idle,0.0,False
2026-06-01 07:30:00,30,4080.417879767238,4188.16,07:45 - 08:00,2529.82,idle,0.0,False
2026-06-01 07:45:00,31,4047.8697364903487,4230.003333333333,08:00 - 08:15,2280.38,idle,0.0,False
2026-06-01 08:00:00,32,4009.0982775536004,4247.5233333333335,08:15 - 08:30,2163.48,idle,0.0,False
2026-06-01 08:15:00,33,4062.1812331584892,4285.016666666666,08:30 - 08:45,1559.91,idle,0.0,False
2026-06-01 08:30:00,34,4062.6855998774486,4337.076666666667,08:45 - 09:00,1395.21,idle,0.0,False
2026-06-01 08:45:00,35,4149.747498868182,4415.746666666667,09:00 - 09:15,1169.2,idle,0.0,False
2026-06-01 09:00:00,36,4249.32705398091,4490.5,09:15 - 09:30,1300.54,idle,0.0,False
2026-06-01 09:15:00,37,4367.0281037184295,4538.366666666666,09:30 - 09:45,1339.29,idle,0.0,False
2026-06-01 09:30:00,38,4539.528985109086,4872.8533333333335,09:45 - 10:00,1155.08,idle,0.0,False
2026-06-01 09:45:00,39,4553.126339564974,5024.153333333334,10:00 - 10:15,1096.22,charge,-20.0,False
2026-06-01 10:00:00,40,4662.297957470435,5135.87,10:15 - 10:30,1169.03,idle,0.0,False
2026-06-01 10:15:00,41,4788.004983130654,5244.303333333333,10:30 - 10:45,1300.95,idle,0.0,False
2026-06-01 10:30:00,42,4969.72009299859,5323.41,10:45 - 11:00,1096.86,idle,0.0,False
2026-06-01 10:45:00,43,5011.472450210795,5337.28,11:00 - 11:15,1096.85,charge,-20.0,False
2026-06-01 11:00:00,44,5033.881512806208,5434.283333333333,11:15 - 11:30,1092.97,charge,-20.0,False
2026-06-01 11:15:00,45,5052.168915619595,5478.326666666667,11:30 - 11:45,1092.95,charge,-20.0,False
2026-06-01 11:30:00,46,5086.853778255892,5524.043333333334,11:45 - 12:00,1092.96,charge,-20.0,False
2026-06-01 11:45:00,47,5178.987499085309,5564.283333333333,12:00 - 12:15,1096.32,charge,-20.0,False
2026-06-01 12:00:00,48,5202.55783555998,5463.576666666667,12:15 - 12:30,1100.53,idle,0.0,False
2026-06-01 12:15:00,49,5301.210994884731,5460.52,12:30 - 12:45,1193.89,idle,0.0,False
2026-06-01 12:30:00,50,5329.965704349523,5719.57,12:45 - 13:00,1215.35,idle,0.0,False
2026-06-01 12:45:00,51,5309.45862320823,5770.363333333334,13:00 - 13:15,1092.78,charge,-20.0,False
2026-06-01 13:00:00,52,5262.198400033635,5655.459999999999,13:15 - 13:30,1092.78,charge,-20.0,False
2026-06-01 13:15:00,53,5255.508133895888,5609.209999999999,13:30 - 13:45,1337.5,idle,0.0,False
2026-06-01 13:30:00,54,5258.103228482084,5702.4766666666665,13:45 - 14:00,1340.6,idle,0.0,False
2026-06-01 13:45:00,55,5358.015548212661,5811.110000000001,14:00 - 14:15,1555.22,idle,0.0,False
2026-06-01 14:00:00,56,5394.311218246188,5862.03,14:15 - 14:30,1649.29,idle,0.0,False
2026-06-01 14:15:00,57,5381.615015157722,5938.113333333334,14:30 - 14:45,1840.96,idle,0.0,False
2026-06-01 14:30:00,58,5410.146462814474,6009.650000000001,14:45 - 15:00,1870.03,idle,0.0,False
2026-06-01 14:45:00,59,5550.097934756036,6097.900000000001,15:00 - 15:15,2203.29,idle,0.0,True
2026-06-01 15:00:00,60,5555.1129266183425,6130.166666666667,15:15 - 15:30,2553.19,idle,0.0,True
2026-06-01 15:15:00,61,5561.880305119945,6138.5199999999995,15:30 - 15:45,2641.75,idle,0.0,True
2026-06-01 15:30:00,62,5569.922158459042,6163.613333333334,15:45 - 16:00,2700.16,idle,0.0,True
2026-06-01 15:45:00,63,5530.4441271717205,6153.276666666668,16:00 - 16:15,2772.04,idle,0.0,True
2026-06-01 16:00:00,64,5511.981815000159,6095.19,16:15 - 16:30,2784.0,idle,0.0,False
2026-06-01 16:15:00,65,5469.829449949716,6084.803333333333,16:30 - 16:45,2773.2,idle,0.0,False
2026-06-01 16:30:00,66,5261.2525962512545,6038.8533333333335,16:45 - 17:00,2992.04,idle,0.0,False
2026-06-01 16:45:00,67,5291.792064188852,5976.389999999999,17:00 - 17:15,3000.56,idle,0.0,False
2026-06-01 17:00:00,68,5218.568903352456,5925.97,17:15 - 17:30,3392.49,idle,0.0,False
2026-06-01 17:15:00,69,5218.485607339345,5871.290000000001,17:30 - 17:45,3464.42,idle,0.0,False
2026-06-01 17:30:00,70,5183.674096836601,5818.823333333334,17:45 - 18:00,3530.38,idle,0.0,False
2026-06-01 17:45:00,71,5215.810479668436,5746.303333333333,18:00 - 18:15,3545.93,idle,0.0,False
2026-06-01 18:00:00,72,5103.416329934348,5610.376666666667,18:15 - 18:30,3884.17,idle,0.0,False
2026-06-01 18:15:00,73,5169.170942148972,5596.69,18:30 - 18:45,3800.42,idle,0.0,False
2026-06-01 18:30:00,74,5168.3637599955455,5504.573333333334,18:45 - 19:00,4350.34,idle,0.0,False
2026-06-01 18:45:00,75,5155.168641020998,5484.170000000001,19:00 - 19:15,4872.52,idle,0.0,False
2026-06-01 19:00:00,76,5161.627593281404,5435.583333333333,19:15 - 19:30,5301.48,idle,0.0,False
2026-06-01 19:15:00,77,5162.900552922223,5433.72,19:30 - 19:45,6000.73,idle,0.0,False
2026-06-01 19:30:00,78,5122.592479683611,5464.143333333333,19:45 - 20:00,6600.68,idle,0.0,False
2026-06-01 19:45:00,79,5134.363619482644,5480.443333333334,20:00 - 20:15,10000.0,idle,0.0,False
2026-06-01 20:00:00,80,5126.492592235139,5446.666666666667,20:15 - 20:30,10000.0,idle,0.0,False
2026-06-01 20:15:00,81,5109.499187915615,5479.793333333332,20:30 - 20:45,10000.0,idle,0.0,False
2026-06-01 20:30:00,82,5096.242734284147,5481.32,20:45 - 21:00,10000.0,idle,0.0,False
2026-06-01 20:45:00,83,5079.8896291244955,5477.656666666667,21:00 - 21:15,10000.0,idle,0.0,False
2026-06-01 21:00:00,84,5044.3441076503605,5476.066666666667,21:15 - 21:30,10000.0,idle,0.0,False
2026-06-01 21:15:00,85,5127.109194066797,5550.546666666666,21:30 - 21:45,10000.0,idle,0.0,False
2026-06-01 21:30:00,86,5186.845165625062,5642.093333333333,21:45 - 22:00,10000.0,idle,0.0,False
2026-06-01 21:45:00,87,5254.606955688638,5742.650000000001,22:00 - 22:15,10000.0,idle,0.0,False
2026-06-01 22:00:00,88,5294.446982977897,5829.686666666666,22:15 - 22:30,10000.0,discharge,18.0,False
2026-06-01 22:15:00,89,5372.645128191655,5900.283333333333,22:30 - 22:45,10000.0,discharge,18.0,False
2026-06-01 22:30:00,90,5424.478179153971,5997.666666666667,22:45 - 23:00,10000.0,discharge,18.0,False
2026-06-01 22:45:00,91,5451.254681470751,6060.13,23:00 - 23:15,10000.0,discharge,18.0,False
2026-06-01 23:00:00,92,5510.933200555245,6157.2,23:15 - 23:30,10000.0,discharge,18.0,False
2026-06-01 23:15:00,93,5523.8156716346,6198.723333333332,23:30 - 23:45,10000.0,discharge,18.0,False
2026-06-01 23:30:00,94,5522.8728643809045,6204.116666666666,23:45 - 24:00,10000.0,discharge,18.0,False
2026-06-01 23:45:00,95,5510.312359975203,6208.92,Purchase Bid ,,discharge,18.0,False
